,Baseline,Week_12,Week_6
Baseline,NA,0.935764795620766,0.427386568153832
Week_12,NA,NA,0.402960918921344
Week_6,NA,NA,NA
