,Baseline,Week_12,Week_6
Baseline,NA,0.893146228743214,0.351889890967829
Week_12,NA,NA,0.344454166105802
Week_6,NA,NA,NA
