,Baseline,Week_12,Week_6
Baseline,NA,0.825439321352569,0.321552785133879
Week_12,NA,NA,0.491267928533935
Week_6,NA,NA,NA
